path,label
C:\Users\yamini\Downloads\speech emotion\Dataset\anger\anger001.wav,0
C:\Users\yamini\Downloads\speech emotion\Dataset\anger\anger002.wav,0
C:\Users\yamini\Downloads\speech emotion\Dataset\anger\anger003.wav,0
C:\Users\yamini\Downloads\speech emotion\Dataset\anger\anger004.wav,0
C:\Users\yamini\Downloads\speech emotion\Dataset\anger\anger005.wav,0
C:\Users\yamini\Downloads\speech emotion\Dataset\anger\anger006.wav,0
C:\Users\yamini\Downloads\speech emotion\Dataset\anger\anger007.wav,0
C:\Users\yamini\Downloads\speech emotion\Dataset\anger\anger008.wav,0
C:\Users\yamini\Downloads\speech emotion\Dataset\anger\anger009.wav,0
C:\Users\yamini\Downloads\speech emotion\Dataset\anger\anger010.wav,0
C:\Users\yamini\Downloads\speech emotion\Dataset\anger\anger011.wav,0
C:\Users\yamini\Downloads\speech emotion\Dataset\anger\anger012.wav,0
C:\Users\yamini\Downloads\speech emotion\Dataset\anger\anger013.wav,0
C:\Users\yamini\Downloads\speech emotion\Dataset\anger\anger014.wav,0
C:\Users\yamini\Downloads\speech emotion\Dataset\anger\anger015.wav,0
C:\Users\yamini\Downloads\speech emotion\Dataset\anger\anger016.wav,0
C:\Users\yamini\Downloads\speech emotion\Dataset\anger\anger017.wav,0
C:\Users\yamini\Downloads\speech emotion\Dataset\anger\anger018.wav,0
C:\Users\yamini\Downloads\speech emotion\Dataset\anger\anger019.wav,0
C:\Users\yamini\Downloads\speech emotion\Dataset\anger\anger020.wav,0
C:\Users\yamini\Downloads\speech emotion\Dataset\anger\anger021.wav,0
C:\Users\yamini\Downloads\speech emotion\Dataset\anger\anger022.wav,0
C:\Users\yamini\Downloads\speech emotion\Dataset\anger\anger023.wav,0
C:\Users\yamini\Downloads\speech emotion\Dataset\anger\anger024.wav,0
C:\Users\yamini\Downloads\speech emotion\Dataset\anger\anger025.wav,0
C:\Users\yamini\Downloads\speech emotion\Dataset\anger\anger026.wav,0
C:\Users\yamini\Downloads\speech emotion\Dataset\anger\anger027.wav,0
C:\Users\yamini\Downloads\speech emotion\Dataset\anger\anger028.wav,0
C:\Users\yamini\Downloads\speech emotion\Dataset\anger\anger029.wav,0
C:\Users\yamini\Downloads\speech emotion\Dataset\anger\anger030.wav,0
C:\Users\yamini\Downloads\speech emotion\Dataset\anger\anger031.wav,0
C:\Users\yamini\Downloads\speech emotion\Dataset\anger\anger032.wav,0
C:\Users\yamini\Downloads\speech emotion\Dataset\anger\anger033.wav,0
C:\Users\yamini\Downloads\speech emotion\Dataset\anger\anger034.wav,0
C:\Users\yamini\Downloads\speech emotion\Dataset\anger\anger035.wav,0
C:\Users\yamini\Downloads\speech emotion\Dataset\anger\anger036.wav,0
C:\Users\yamini\Downloads\speech emotion\Dataset\anger\anger037.wav,0
C:\Users\yamini\Downloads\speech emotion\Dataset\anger\anger038.wav,0
C:\Users\yamini\Downloads\speech emotion\Dataset\anger\anger039.wav,0
C:\Users\yamini\Downloads\speech emotion\Dataset\anger\anger040.wav,0
C:\Users\yamini\Downloads\speech emotion\Dataset\anger\anger041.wav,0
C:\Users\yamini\Downloads\speech emotion\Dataset\anger\anger042.wav,0
C:\Users\yamini\Downloads\speech emotion\Dataset\anger\anger043.wav,0
C:\Users\yamini\Downloads\speech emotion\Dataset\anger\anger044.wav,0
C:\Users\yamini\Downloads\speech emotion\Dataset\anger\anger045.wav,0
C:\Users\yamini\Downloads\speech emotion\Dataset\anger\anger046.wav,0
C:\Users\yamini\Downloads\speech emotion\Dataset\anger\anger047.wav,0
C:\Users\yamini\Downloads\speech emotion\Dataset\anger\anger048.wav,0
C:\Users\yamini\Downloads\speech emotion\Dataset\anger\anger049.wav,0
C:\Users\yamini\Downloads\speech emotion\Dataset\anger\anger050.wav,0
C:\Users\yamini\Downloads\speech emotion\Dataset\anger\anger051.wav,0
C:\Users\yamini\Downloads\speech emotion\Dataset\anger\anger052.wav,0
C:\Users\yamini\Downloads\speech emotion\Dataset\anger\anger053.wav,0
C:\Users\yamini\Downloads\speech emotion\Dataset\anger\anger054.wav,0
C:\Users\yamini\Downloads\speech emotion\Dataset\anger\anger055.wav,0
C:\Users\yamini\Downloads\speech emotion\Dataset\anger\anger056.wav,0
C:\Users\yamini\Downloads\speech emotion\Dataset\anger\anger057.wav,0
C:\Users\yamini\Downloads\speech emotion\Dataset\anger\anger058.wav,0
C:\Users\yamini\Downloads\speech emotion\Dataset\anger\anger059.wav,0
C:\Users\yamini\Downloads\speech emotion\Dataset\anger\anger060.wav,0
C:\Users\yamini\Downloads\speech emotion\Dataset\anger\anger061.wav,0
C:\Users\yamini\Downloads\speech emotion\Dataset\anger\anger062.wav,0
C:\Users\yamini\Downloads\speech emotion\Dataset\anger\anger063.wav,0
C:\Users\yamini\Downloads\speech emotion\Dataset\anger\anger064.wav,0
C:\Users\yamini\Downloads\speech emotion\Dataset\anger\anger065.wav,0
C:\Users\yamini\Downloads\speech emotion\Dataset\anger\anger066.wav,0
C:\Users\yamini\Downloads\speech emotion\Dataset\anger\anger067.wav,0
C:\Users\yamini\Downloads\speech emotion\Dataset\anger\anger068.wav,0
C:\Users\yamini\Downloads\speech emotion\Dataset\anger\anger069.wav,0
C:\Users\yamini\Downloads\speech emotion\Dataset\anger\anger070.wav,0
C:\Users\yamini\Downloads\speech emotion\Dataset\anger\anger071.wav,0
C:\Users\yamini\Downloads\speech emotion\Dataset\anger\anger072.wav,0
C:\Users\yamini\Downloads\speech emotion\Dataset\anger\anger073.wav,0
C:\Users\yamini\Downloads\speech emotion\Dataset\anger\anger074.wav,0
C:\Users\yamini\Downloads\speech emotion\Dataset\anger\anger075.wav,0
C:\Users\yamini\Downloads\speech emotion\Dataset\anger\anger076.wav,0
C:\Users\yamini\Downloads\speech emotion\Dataset\anger\anger077.wav,0
C:\Users\yamini\Downloads\speech emotion\Dataset\anger\anger078.wav,0
C:\Users\yamini\Downloads\speech emotion\Dataset\anger\anger079.wav,0
C:\Users\yamini\Downloads\speech emotion\Dataset\anger\anger080.wav,0
C:\Users\yamini\Downloads\speech emotion\Dataset\anger\anger081.wav,0
C:\Users\yamini\Downloads\speech emotion\Dataset\anger\anger082.wav,0
C:\Users\yamini\Downloads\speech emotion\Dataset\anger\anger083.wav,0
C:\Users\yamini\Downloads\speech emotion\Dataset\anger\anger084.wav,0
C:\Users\yamini\Downloads\speech emotion\Dataset\anger\anger085.wav,0
C:\Users\yamini\Downloads\speech emotion\Dataset\anger\anger086.wav,0
C:\Users\yamini\Downloads\speech emotion\Dataset\anger\anger087.wav,0
C:\Users\yamini\Downloads\speech emotion\Dataset\anger\anger088.wav,0
C:\Users\yamini\Downloads\speech emotion\Dataset\anger\anger089.wav,0
C:\Users\yamini\Downloads\speech emotion\Dataset\anger\anger090.wav,0
C:\Users\yamini\Downloads\speech emotion\Dataset\anger\anger091.wav,0
C:\Users\yamini\Downloads\speech emotion\Dataset\anger\anger092.wav,0
C:\Users\yamini\Downloads\speech emotion\Dataset\anger\anger093.wav,0
C:\Users\yamini\Downloads\speech emotion\Dataset\anger\anger094.wav,0
C:\Users\yamini\Downloads\speech emotion\Dataset\anger\anger095.wav,0
C:\Users\yamini\Downloads\speech emotion\Dataset\anger\anger096.wav,0
C:\Users\yamini\Downloads\speech emotion\Dataset\anger\anger097.wav,0
C:\Users\yamini\Downloads\speech emotion\Dataset\anger\anger098.wav,0
C:\Users\yamini\Downloads\speech emotion\Dataset\anger\anger099.wav,0
C:\Users\yamini\Downloads\speech emotion\Dataset\anger\anger100.wav,0
C:\Users\yamini\Downloads\speech emotion\Dataset\anger\anger101.wav,0
C:\Users\yamini\Downloads\speech emotion\Dataset\anger\anger102.wav,0
C:\Users\yamini\Downloads\speech emotion\Dataset\anger\anger103.wav,0
C:\Users\yamini\Downloads\speech emotion\Dataset\anger\anger104.wav,0
C:\Users\yamini\Downloads\speech emotion\Dataset\anger\anger105.wav,0
C:\Users\yamini\Downloads\speech emotion\Dataset\anger\anger106.wav,0
C:\Users\yamini\Downloads\speech emotion\Dataset\anger\anger107.wav,0
C:\Users\yamini\Downloads\speech emotion\Dataset\anger\anger108.wav,0
C:\Users\yamini\Downloads\speech emotion\Dataset\anger\anger109.wav,0
C:\Users\yamini\Downloads\speech emotion\Dataset\anger\anger110.wav,0
C:\Users\yamini\Downloads\speech emotion\Dataset\anger\anger111.wav,0
C:\Users\yamini\Downloads\speech emotion\Dataset\anger\anger112.wav,0
C:\Users\yamini\Downloads\speech emotion\Dataset\anger\anger113.wav,0
C:\Users\yamini\Downloads\speech emotion\Dataset\anger\anger114.wav,0
C:\Users\yamini\Downloads\speech emotion\Dataset\anger\anger115.wav,0
C:\Users\yamini\Downloads\speech emotion\Dataset\anger\anger116.wav,0
C:\Users\yamini\Downloads\speech emotion\Dataset\anger\anger117.wav,0
C:\Users\yamini\Downloads\speech emotion\Dataset\anger\anger118.wav,0
C:\Users\yamini\Downloads\speech emotion\Dataset\anger\anger119.wav,0
C:\Users\yamini\Downloads\speech emotion\Dataset\anger\anger120.wav,0
C:\Users\yamini\Downloads\speech emotion\Dataset\anger\anger121.wav,0
C:\Users\yamini\Downloads\speech emotion\Dataset\anger\anger122.wav,0
C:\Users\yamini\Downloads\speech emotion\Dataset\anger\anger123.wav,0
C:\Users\yamini\Downloads\speech emotion\Dataset\anger\anger124.wav,0
C:\Users\yamini\Downloads\speech emotion\Dataset\anger\anger125.wav,0
C:\Users\yamini\Downloads\speech emotion\Dataset\anger\anger126.wav,0
C:\Users\yamini\Downloads\speech emotion\Dataset\anger\anger127.wav,0
C:\Users\yamini\Downloads\speech emotion\Dataset\anger\anger128.wav,0
C:\Users\yamini\Downloads\speech emotion\Dataset\anger\anger129.wav,0
C:\Users\yamini\Downloads\speech emotion\Dataset\anger\anger130.wav,0
C:\Users\yamini\Downloads\speech emotion\Dataset\anger\anger131.wav,0
C:\Users\yamini\Downloads\speech emotion\Dataset\anger\anger132.wav,0
C:\Users\yamini\Downloads\speech emotion\Dataset\anger\anger133.wav,0
C:\Users\yamini\Downloads\speech emotion\Dataset\anger\anger134.wav,0
C:\Users\yamini\Downloads\speech emotion\Dataset\anger\anger135.wav,0
C:\Users\yamini\Downloads\speech emotion\Dataset\anger\anger136.wav,0
C:\Users\yamini\Downloads\speech emotion\Dataset\anger\anger137.wav,0
C:\Users\yamini\Downloads\speech emotion\Dataset\anger\anger138.wav,0
C:\Users\yamini\Downloads\speech emotion\Dataset\anger\anger139.wav,0
C:\Users\yamini\Downloads\speech emotion\Dataset\anger\anger140.wav,0
C:\Users\yamini\Downloads\speech emotion\Dataset\anger\anger141.wav,0
C:\Users\yamini\Downloads\speech emotion\Dataset\anger\anger142.wav,0
C:\Users\yamini\Downloads\speech emotion\Dataset\anger\anger143.wav,0
C:\Users\yamini\Downloads\speech emotion\Dataset\anger\anger144.wav,0
C:\Users\yamini\Downloads\speech emotion\Dataset\anger\anger145.wav,0
C:\Users\yamini\Downloads\speech emotion\Dataset\anger\anger146.wav,0
C:\Users\yamini\Downloads\speech emotion\Dataset\anger\anger147.wav,0
C:\Users\yamini\Downloads\speech emotion\Dataset\anger\anger148.wav,0
C:\Users\yamini\Downloads\speech emotion\Dataset\anger\anger149.wav,0
C:\Users\yamini\Downloads\speech emotion\Dataset\anger\anger150.wav,0
C:\Users\yamini\Downloads\speech emotion\Dataset\anger\anger151.wav,0
C:\Users\yamini\Downloads\speech emotion\Dataset\anger\anger152.wav,0
C:\Users\yamini\Downloads\speech emotion\Dataset\anger\anger153.wav,0
C:\Users\yamini\Downloads\speech emotion\Dataset\anger\anger154.wav,0
C:\Users\yamini\Downloads\speech emotion\Dataset\anger\anger155.wav,0
C:\Users\yamini\Downloads\speech emotion\Dataset\anger\anger156.wav,0
C:\Users\yamini\Downloads\speech emotion\Dataset\anger\anger157.wav,0
C:\Users\yamini\Downloads\speech emotion\Dataset\anger\anger158.wav,0
C:\Users\yamini\Downloads\speech emotion\Dataset\anger\anger159.wav,0
C:\Users\yamini\Downloads\speech emotion\Dataset\anger\anger160.wav,0
C:\Users\yamini\Downloads\speech emotion\Dataset\anger\anger161.wav,0
C:\Users\yamini\Downloads\speech emotion\Dataset\anger\anger162.wav,0
C:\Users\yamini\Downloads\speech emotion\Dataset\anger\anger163.wav,0
C:\Users\yamini\Downloads\speech emotion\Dataset\anger\anger164.wav,0
C:\Users\yamini\Downloads\speech emotion\Dataset\anger\anger165.wav,0
C:\Users\yamini\Downloads\speech emotion\Dataset\anger\anger166.wav,0
C:\Users\yamini\Downloads\speech emotion\Dataset\anger\anger167.wav,0
C:\Users\yamini\Downloads\speech emotion\Dataset\anger\anger168.wav,0
C:\Users\yamini\Downloads\speech emotion\Dataset\anger\anger169.wav,0
C:\Users\yamini\Downloads\speech emotion\Dataset\anger\anger170.wav,0
C:\Users\yamini\Downloads\speech emotion\Dataset\anger\anger171.wav,0
C:\Users\yamini\Downloads\speech emotion\Dataset\anger\anger172.wav,0
C:\Users\yamini\Downloads\speech emotion\Dataset\anger\anger173.wav,0
C:\Users\yamini\Downloads\speech emotion\Dataset\anger\anger174.wav,0
C:\Users\yamini\Downloads\speech emotion\Dataset\anger\anger175.wav,0
C:\Users\yamini\Downloads\speech emotion\Dataset\anger\anger176.wav,0
C:\Users\yamini\Downloads\speech emotion\Dataset\anger\anger177.wav,0
C:\Users\yamini\Downloads\speech emotion\Dataset\anger\anger178.wav,0
C:\Users\yamini\Downloads\speech emotion\Dataset\anger\anger179.wav,0
C:\Users\yamini\Downloads\speech emotion\Dataset\anger\anger180.wav,0
C:\Users\yamini\Downloads\speech emotion\Dataset\anger\anger181.wav,0
C:\Users\yamini\Downloads\speech emotion\Dataset\anger\anger182.wav,0
C:\Users\yamini\Downloads\speech emotion\Dataset\anger\anger183.wav,0
C:\Users\yamini\Downloads\speech emotion\Dataset\anger\anger184.wav,0
C:\Users\yamini\Downloads\speech emotion\Dataset\anger\anger185.wav,0
C:\Users\yamini\Downloads\speech emotion\Dataset\anger\anger186.wav,0
C:\Users\yamini\Downloads\speech emotion\Dataset\anger\anger187.wav,0
C:\Users\yamini\Downloads\speech emotion\Dataset\anger\anger188.wav,0
C:\Users\yamini\Downloads\speech emotion\Dataset\anger\anger189.wav,0
C:\Users\yamini\Downloads\speech emotion\Dataset\anger\anger190.wav,0
C:\Users\yamini\Downloads\speech emotion\Dataset\anger\anger191.wav,0
C:\Users\yamini\Downloads\speech emotion\Dataset\anger\anger192.wav,0
C:\Users\yamini\Downloads\speech emotion\Dataset\anger\anger193.wav,0
C:\Users\yamini\Downloads\speech emotion\Dataset\anger\anger194.wav,0
C:\Users\yamini\Downloads\speech emotion\Dataset\anger\anger195.wav,0
C:\Users\yamini\Downloads\speech emotion\Dataset\anger\anger196.wav,0
C:\Users\yamini\Downloads\speech emotion\Dataset\anger\anger197.wav,0
C:\Users\yamini\Downloads\speech emotion\Dataset\anger\anger198.wav,0
C:\Users\yamini\Downloads\speech emotion\Dataset\anger\anger199.wav,0
C:\Users\yamini\Downloads\speech emotion\Dataset\anger\anger200.wav,0
C:\Users\yamini\Downloads\speech emotion\Dataset\anger\anger201.wav,0
C:\Users\yamini\Downloads\speech emotion\Dataset\anger\anger202.wav,0
C:\Users\yamini\Downloads\speech emotion\Dataset\anger\anger203.wav,0
C:\Users\yamini\Downloads\speech emotion\Dataset\anger\anger204.wav,0
C:\Users\yamini\Downloads\speech emotion\Dataset\anger\anger205.wav,0
C:\Users\yamini\Downloads\speech emotion\Dataset\anger\anger206.wav,0
C:\Users\yamini\Downloads\speech emotion\Dataset\anger\anger207.wav,0
C:\Users\yamini\Downloads\speech emotion\Dataset\anger\anger208.wav,0
C:\Users\yamini\Downloads\speech emotion\Dataset\anger\anger209.wav,0
C:\Users\yamini\Downloads\speech emotion\Dataset\anger\anger210.wav,0
C:\Users\yamini\Downloads\speech emotion\Dataset\anger\anger211.wav,0
C:\Users\yamini\Downloads\speech emotion\Dataset\anger\anger212.wav,0
C:\Users\yamini\Downloads\speech emotion\Dataset\anger\anger213.wav,0
C:\Users\yamini\Downloads\speech emotion\Dataset\anger\anger214.wav,0
C:\Users\yamini\Downloads\speech emotion\Dataset\anger\anger215.wav,0
C:\Users\yamini\Downloads\speech emotion\Dataset\anger\anger216.wav,0
C:\Users\yamini\Downloads\speech emotion\Dataset\anger\anger217.wav,0
C:\Users\yamini\Downloads\speech emotion\Dataset\anger\anger218.wav,0
C:\Users\yamini\Downloads\speech emotion\Dataset\anger\anger219.wav,0
C:\Users\yamini\Downloads\speech emotion\Dataset\anger\anger220.wav,0
C:\Users\yamini\Downloads\speech emotion\Dataset\anger\anger221.wav,0
C:\Users\yamini\Downloads\speech emotion\Dataset\anger\anger222.wav,0
C:\Users\yamini\Downloads\speech emotion\Dataset\anger\anger223.wav,0
C:\Users\yamini\Downloads\speech emotion\Dataset\anger\anger224.wav,0
C:\Users\yamini\Downloads\speech emotion\Dataset\anger\anger225.wav,0
C:\Users\yamini\Downloads\speech emotion\Dataset\anger\anger226.wav,0
C:\Users\yamini\Downloads\speech emotion\Dataset\anger\anger227.wav,0
C:\Users\yamini\Downloads\speech emotion\Dataset\anger\anger228.wav,0
C:\Users\yamini\Downloads\speech emotion\Dataset\anger\anger229.wav,0
C:\Users\yamini\Downloads\speech emotion\Dataset\anger\anger230.wav,0
C:\Users\yamini\Downloads\speech emotion\Dataset\anger\anger231.wav,0
C:\Users\yamini\Downloads\speech emotion\Dataset\anger\anger232.wav,0
C:\Users\yamini\Downloads\speech emotion\Dataset\anger\anger233.wav,0
C:\Users\yamini\Downloads\speech emotion\Dataset\anger\anger234.wav,0
C:\Users\yamini\Downloads\speech emotion\Dataset\anger\anger235.wav,0
C:\Users\yamini\Downloads\speech emotion\Dataset\anger\anger236.wav,0
C:\Users\yamini\Downloads\speech emotion\Dataset\anger\anger237.wav,0
C:\Users\yamini\Downloads\speech emotion\Dataset\anger\anger238.wav,0
C:\Users\yamini\Downloads\speech emotion\Dataset\anger\anger239.wav,0
C:\Users\yamini\Downloads\speech emotion\Dataset\anger\anger240.wav,0
C:\Users\yamini\Downloads\speech emotion\Dataset\anger\anger241.wav,0
C:\Users\yamini\Downloads\speech emotion\Dataset\anger\anger242.wav,0
C:\Users\yamini\Downloads\speech emotion\Dataset\anger\anger243.wav,0
C:\Users\yamini\Downloads\speech emotion\Dataset\anger\anger244.wav,0
C:\Users\yamini\Downloads\speech emotion\Dataset\anger\anger245.wav,0
C:\Users\yamini\Downloads\speech emotion\Dataset\anger\anger246.wav,0
C:\Users\yamini\Downloads\speech emotion\Dataset\anger\anger247.wav,0
C:\Users\yamini\Downloads\speech emotion\Dataset\anger\anger248.wav,0
C:\Users\yamini\Downloads\speech emotion\Dataset\anger\anger249.wav,0
C:\Users\yamini\Downloads\speech emotion\Dataset\anger\anger250.wav,0
C:\Users\yamini\Downloads\speech emotion\Dataset\anger\anger251.wav,0
C:\Users\yamini\Downloads\speech emotion\Dataset\anger\anger252.wav,0
C:\Users\yamini\Downloads\speech emotion\Dataset\anger\anger253.wav,0
C:\Users\yamini\Downloads\speech emotion\Dataset\anger\anger254.wav,0
C:\Users\yamini\Downloads\speech emotion\Dataset\anger\anger255.wav,0
C:\Users\yamini\Downloads\speech emotion\Dataset\anger\anger256.wav,0
C:\Users\yamini\Downloads\speech emotion\Dataset\anger\anger257.wav,0
C:\Users\yamini\Downloads\speech emotion\Dataset\anger\anger258.wav,0
C:\Users\yamini\Downloads\speech emotion\Dataset\anger\anger259.wav,0
C:\Users\yamini\Downloads\speech emotion\Dataset\anger\anger260.wav,0
C:\Users\yamini\Downloads\speech emotion\Dataset\anger\anger261.wav,0
C:\Users\yamini\Downloads\speech emotion\Dataset\anger\anger262.wav,0
C:\Users\yamini\Downloads\speech emotion\Dataset\anger\anger263.wav,0
C:\Users\yamini\Downloads\speech emotion\Dataset\anger\anger264.wav,0
C:\Users\yamini\Downloads\speech emotion\Dataset\anger\anger265.wav,0
C:\Users\yamini\Downloads\speech emotion\Dataset\anger\anger266.wav,0
C:\Users\yamini\Downloads\speech emotion\Dataset\anger\anger267.wav,0
C:\Users\yamini\Downloads\speech emotion\Dataset\anger\anger268.wav,0
C:\Users\yamini\Downloads\speech emotion\Dataset\anger\anger269.wav,0
C:\Users\yamini\Downloads\speech emotion\Dataset\anger\anger270.wav,0
C:\Users\yamini\Downloads\speech emotion\Dataset\anger\anger271.wav,0
C:\Users\yamini\Downloads\speech emotion\Dataset\anger\anger272.wav,0
C:\Users\yamini\Downloads\speech emotion\Dataset\anger\anger273.wav,0
C:\Users\yamini\Downloads\speech emotion\Dataset\anger\anger274.wav,0
C:\Users\yamini\Downloads\speech emotion\Dataset\anger\anger275.wav,0
C:\Users\yamini\Downloads\speech emotion\Dataset\anger\anger276.wav,0
C:\Users\yamini\Downloads\speech emotion\Dataset\anger\anger277.wav,0
C:\Users\yamini\Downloads\speech emotion\Dataset\anger\anger278.wav,0
C:\Users\yamini\Downloads\speech emotion\Dataset\anger\anger279.wav,0
C:\Users\yamini\Downloads\speech emotion\Dataset\anger\anger280.wav,0
C:\Users\yamini\Downloads\speech emotion\Dataset\anger\anger281.wav,0
C:\Users\yamini\Downloads\speech emotion\Dataset\anger\anger282.wav,0
C:\Users\yamini\Downloads\speech emotion\Dataset\anger\anger283.wav,0
C:\Users\yamini\Downloads\speech emotion\Dataset\anger\anger284.wav,0
C:\Users\yamini\Downloads\speech emotion\Dataset\anger\anger285.wav,0
C:\Users\yamini\Downloads\speech emotion\Dataset\anger\anger286.wav,0
C:\Users\yamini\Downloads\speech emotion\Dataset\anger\anger287.wav,0
C:\Users\yamini\Downloads\speech emotion\Dataset\anger\anger288.wav,0
C:\Users\yamini\Downloads\speech emotion\Dataset\anger\anger289.wav,0
C:\Users\yamini\Downloads\speech emotion\Dataset\anger\anger290.wav,0
C:\Users\yamini\Downloads\speech emotion\Dataset\anger\anger291.wav,0
C:\Users\yamini\Downloads\speech emotion\Dataset\anger\anger292.wav,0
C:\Users\yamini\Downloads\speech emotion\Dataset\anger\anger293.wav,0
C:\Users\yamini\Downloads\speech emotion\Dataset\anger\anger294.wav,0
C:\Users\yamini\Downloads\speech emotion\Dataset\anger\anger295.wav,0
C:\Users\yamini\Downloads\speech emotion\Dataset\anger\anger296.wav,0
C:\Users\yamini\Downloads\speech emotion\Dataset\anger\anger297.wav,0
C:\Users\yamini\Downloads\speech emotion\Dataset\anger\anger298.wav,0
C:\Users\yamini\Downloads\speech emotion\Dataset\anger\anger299.wav,0
C:\Users\yamini\Downloads\speech emotion\Dataset\anger\anger300.wav,0
C:\Users\yamini\Downloads\speech emotion\Dataset\anger\anger301.wav,0
C:\Users\yamini\Downloads\speech emotion\Dataset\anger\anger302.wav,0
C:\Users\yamini\Downloads\speech emotion\Dataset\anger\anger303.wav,0
C:\Users\yamini\Downloads\speech emotion\Dataset\anger\anger304.wav,0
C:\Users\yamini\Downloads\speech emotion\Dataset\anger\anger305.wav,0
C:\Users\yamini\Downloads\speech emotion\Dataset\anger\anger306.wav,0
C:\Users\yamini\Downloads\speech emotion\Dataset\anger\anger307.wav,0
C:\Users\yamini\Downloads\speech emotion\Dataset\anger\anger308.wav,0
C:\Users\yamini\Downloads\speech emotion\Dataset\anger\anger309.wav,0
C:\Users\yamini\Downloads\speech emotion\Dataset\anger\anger310.wav,0
C:\Users\yamini\Downloads\speech emotion\Dataset\anger\anger311.wav,0
C:\Users\yamini\Downloads\speech emotion\Dataset\anger\anger312.wav,0
C:\Users\yamini\Downloads\speech emotion\Dataset\anger\anger313.wav,0
C:\Users\yamini\Downloads\speech emotion\Dataset\anger\anger314.wav,0
C:\Users\yamini\Downloads\speech emotion\Dataset\anger\anger315.wav,0
C:\Users\yamini\Downloads\speech emotion\Dataset\anger\anger316.wav,0
C:\Users\yamini\Downloads\speech emotion\Dataset\anger\anger317.wav,0
C:\Users\yamini\Downloads\speech emotion\Dataset\anger\anger318.wav,0
C:\Users\yamini\Downloads\speech emotion\Dataset\anger\anger319.wav,0
C:\Users\yamini\Downloads\speech emotion\Dataset\anger\anger320.wav,0
C:\Users\yamini\Downloads\speech emotion\Dataset\anger\anger321.wav,0
C:\Users\yamini\Downloads\speech emotion\Dataset\anger\anger322.wav,0
C:\Users\yamini\Downloads\speech emotion\Dataset\anger\anger323.wav,0
C:\Users\yamini\Downloads\speech emotion\Dataset\anger\anger324.wav,0
C:\Users\yamini\Downloads\speech emotion\Dataset\anger\anger325.wav,0
C:\Users\yamini\Downloads\speech emotion\Dataset\anger\anger326.wav,0
C:\Users\yamini\Downloads\speech emotion\Dataset\anger\anger327.wav,0
C:\Users\yamini\Downloads\speech emotion\Dataset\anger\anger328.wav,0
C:\Users\yamini\Downloads\speech emotion\Dataset\anger\anger329.wav,0
C:\Users\yamini\Downloads\speech emotion\Dataset\anger\anger330.wav,0
C:\Users\yamini\Downloads\speech emotion\Dataset\anger\anger331.wav,0
C:\Users\yamini\Downloads\speech emotion\Dataset\anger\anger332.wav,0
C:\Users\yamini\Downloads\speech emotion\Dataset\anger\anger333.wav,0
C:\Users\yamini\Downloads\speech emotion\Dataset\anger\anger334.wav,0
C:\Users\yamini\Downloads\speech emotion\Dataset\anger\anger335.wav,0
C:\Users\yamini\Downloads\speech emotion\Dataset\anger\anger336.wav,0
C:\Users\yamini\Downloads\speech emotion\Dataset\anger\anger337.wav,0
C:\Users\yamini\Downloads\speech emotion\Dataset\anger\anger338.wav,0
C:\Users\yamini\Downloads\speech emotion\Dataset\anger\anger339.wav,0
C:\Users\yamini\Downloads\speech emotion\Dataset\anger\anger340.wav,0
C:\Users\yamini\Downloads\speech emotion\Dataset\anger\anger341.wav,0
C:\Users\yamini\Downloads\speech emotion\Dataset\anger\anger342.wav,0
C:\Users\yamini\Downloads\speech emotion\Dataset\anger\anger343.wav,0
C:\Users\yamini\Downloads\speech emotion\Dataset\anger\anger344.wav,0
C:\Users\yamini\Downloads\speech emotion\Dataset\anger\anger345.wav,0
C:\Users\yamini\Downloads\speech emotion\Dataset\anger\anger346.wav,0
C:\Users\yamini\Downloads\speech emotion\Dataset\anger\anger347.wav,0
C:\Users\yamini\Downloads\speech emotion\Dataset\anger\anger348.wav,0
C:\Users\yamini\Downloads\speech emotion\Dataset\anger\anger349.wav,0
C:\Users\yamini\Downloads\speech emotion\Dataset\anger\anger350.wav,0
C:\Users\yamini\Downloads\speech emotion\Dataset\anger\anger351.wav,0
C:\Users\yamini\Downloads\speech emotion\Dataset\anger\anger352.wav,0
C:\Users\yamini\Downloads\speech emotion\Dataset\anger\anger353.wav,0
C:\Users\yamini\Downloads\speech emotion\Dataset\anger\anger354.wav,0
C:\Users\yamini\Downloads\speech emotion\Dataset\anger\anger355.wav,0
C:\Users\yamini\Downloads\speech emotion\Dataset\anger\anger356.wav,0
C:\Users\yamini\Downloads\speech emotion\Dataset\anger\anger357.wav,0
C:\Users\yamini\Downloads\speech emotion\Dataset\anger\anger358.wav,0
C:\Users\yamini\Downloads\speech emotion\Dataset\anger\anger359.wav,0
C:\Users\yamini\Downloads\speech emotion\Dataset\anger\anger360.wav,0
C:\Users\yamini\Downloads\speech emotion\Dataset\anger\anger361.wav,0
C:\Users\yamini\Downloads\speech emotion\Dataset\anger\anger362.wav,0
C:\Users\yamini\Downloads\speech emotion\Dataset\anger\anger363.wav,0
C:\Users\yamini\Downloads\speech emotion\Dataset\anger\anger364.wav,0
C:\Users\yamini\Downloads\speech emotion\Dataset\anger\anger365.wav,0
C:\Users\yamini\Downloads\speech emotion\Dataset\anger\anger366.wav,0
C:\Users\yamini\Downloads\speech emotion\Dataset\anger\anger367.wav,0
C:\Users\yamini\Downloads\speech emotion\Dataset\anger\anger368.wav,0
C:\Users\yamini\Downloads\speech emotion\Dataset\anger\anger369.wav,0
C:\Users\yamini\Downloads\speech emotion\Dataset\anger\anger370.wav,0
C:\Users\yamini\Downloads\speech emotion\Dataset\anger\anger371.wav,0
C:\Users\yamini\Downloads\speech emotion\Dataset\anger\anger372.wav,0
C:\Users\yamini\Downloads\speech emotion\Dataset\anger\anger373.wav,0
C:\Users\yamini\Downloads\speech emotion\Dataset\anger\anger374.wav,0
C:\Users\yamini\Downloads\speech emotion\Dataset\anger\anger375.wav,0
C:\Users\yamini\Downloads\speech emotion\Dataset\anger\anger376.wav,0
C:\Users\yamini\Downloads\speech emotion\Dataset\anger\anger377.wav,0
C:\Users\yamini\Downloads\speech emotion\Dataset\anger\anger378.wav,0
C:\Users\yamini\Downloads\speech emotion\Dataset\anger\anger379.wav,0
C:\Users\yamini\Downloads\speech emotion\Dataset\anger\anger380.wav,0
C:\Users\yamini\Downloads\speech emotion\Dataset\anger\anger381.wav,0
C:\Users\yamini\Downloads\speech emotion\Dataset\anger\anger382.wav,0
C:\Users\yamini\Downloads\speech emotion\Dataset\anger\anger383.wav,0
C:\Users\yamini\Downloads\speech emotion\Dataset\anger\anger384.wav,0
C:\Users\yamini\Downloads\speech emotion\Dataset\anger\anger385.wav,0
C:\Users\yamini\Downloads\speech emotion\Dataset\anger\anger386.wav,0
C:\Users\yamini\Downloads\speech emotion\Dataset\anger\anger387.wav,0
C:\Users\yamini\Downloads\speech emotion\Dataset\anger\anger388.wav,0
C:\Users\yamini\Downloads\speech emotion\Dataset\anger\anger389.wav,0
C:\Users\yamini\Downloads\speech emotion\Dataset\anger\anger390.wav,0
C:\Users\yamini\Downloads\speech emotion\Dataset\anger\anger391.wav,0
C:\Users\yamini\Downloads\speech emotion\Dataset\anger\anger392.wav,0
C:\Users\yamini\Downloads\speech emotion\Dataset\anger\anger393.wav,0
C:\Users\yamini\Downloads\speech emotion\Dataset\anger\anger394.wav,0
C:\Users\yamini\Downloads\speech emotion\Dataset\anger\anger395.wav,0
C:\Users\yamini\Downloads\speech emotion\Dataset\anger\anger396.wav,0
C:\Users\yamini\Downloads\speech emotion\Dataset\anger\anger397.wav,0
C:\Users\yamini\Downloads\speech emotion\Dataset\anger\anger398.wav,0
C:\Users\yamini\Downloads\speech emotion\Dataset\anger\anger399.wav,0
C:\Users\yamini\Downloads\speech emotion\Dataset\anger\anger400.wav,0
C:\Users\yamini\Downloads\speech emotion\Dataset\anger\anger401.wav,0
C:\Users\yamini\Downloads\speech emotion\Dataset\anger\anger402.wav,0
C:\Users\yamini\Downloads\speech emotion\Dataset\anger\anger403.wav,0
C:\Users\yamini\Downloads\speech emotion\Dataset\anger\anger404.wav,0
C:\Users\yamini\Downloads\speech emotion\Dataset\anger\anger405.wav,0
C:\Users\yamini\Downloads\speech emotion\Dataset\anger\anger406.wav,0
C:\Users\yamini\Downloads\speech emotion\Dataset\anger\anger407.wav,0
C:\Users\yamini\Downloads\speech emotion\Dataset\anger\anger408.wav,0
C:\Users\yamini\Downloads\speech emotion\Dataset\anger\anger409.wav,0
C:\Users\yamini\Downloads\speech emotion\Dataset\anger\anger410.wav,0
C:\Users\yamini\Downloads\speech emotion\Dataset\anger\anger411.wav,0
C:\Users\yamini\Downloads\speech emotion\Dataset\anger\anger412.wav,0
C:\Users\yamini\Downloads\speech emotion\Dataset\anger\anger413.wav,0
C:\Users\yamini\Downloads\speech emotion\Dataset\anger\anger414.wav,0
C:\Users\yamini\Downloads\speech emotion\Dataset\anger\anger415.wav,0
C:\Users\yamini\Downloads\speech emotion\Dataset\anger\anger416.wav,0
C:\Users\yamini\Downloads\speech emotion\Dataset\anger\anger417.wav,0
C:\Users\yamini\Downloads\speech emotion\Dataset\anger\anger418.wav,0
C:\Users\yamini\Downloads\speech emotion\Dataset\anger\anger419.wav,0
C:\Users\yamini\Downloads\speech emotion\Dataset\anger\anger420.wav,0
C:\Users\yamini\Downloads\speech emotion\Dataset\anger\anger421.wav,0
C:\Users\yamini\Downloads\speech emotion\Dataset\anger\anger422.wav,0
C:\Users\yamini\Downloads\speech emotion\Dataset\anger\anger423.wav,0
C:\Users\yamini\Downloads\speech emotion\Dataset\anger\anger424.wav,0
C:\Users\yamini\Downloads\speech emotion\Dataset\anger\anger425.wav,0
C:\Users\yamini\Downloads\speech emotion\Dataset\anger\anger426.wav,0
C:\Users\yamini\Downloads\speech emotion\Dataset\anger\anger427.wav,0
C:\Users\yamini\Downloads\speech emotion\Dataset\anger\anger428.wav,0
C:\Users\yamini\Downloads\speech emotion\Dataset\anger\anger429.wav,0
C:\Users\yamini\Downloads\speech emotion\Dataset\anger\anger430.wav,0
C:\Users\yamini\Downloads\speech emotion\Dataset\anger\anger431.wav,0
C:\Users\yamini\Downloads\speech emotion\Dataset\anger\anger432.wav,0
C:\Users\yamini\Downloads\speech emotion\Dataset\anger\anger433.wav,0
C:\Users\yamini\Downloads\speech emotion\Dataset\anger\anger434.wav,0
C:\Users\yamini\Downloads\speech emotion\Dataset\anger\anger436.wav,0
C:\Users\yamini\Downloads\speech emotion\Dataset\disgust\disgust004.wav,1
C:\Users\yamini\Downloads\speech emotion\Dataset\fear\fear101.wav,2
C:\Users\yamini\Downloads\speech emotion\Dataset\fear\fear104.wav,2
C:\Users\yamini\Downloads\speech emotion\Dataset\fear\fear105.wav,2
C:\Users\yamini\Downloads\speech emotion\Dataset\fear\fear106.wav,2
C:\Users\yamini\Downloads\speech emotion\Dataset\fear\fear108.wav,2
C:\Users\yamini\Downloads\speech emotion\Dataset\fear\fear109.wav,2
C:\Users\yamini\Downloads\speech emotion\Dataset\fear\fear110.wav,2
C:\Users\yamini\Downloads\speech emotion\Dataset\fear\fear111.wav,2
C:\Users\yamini\Downloads\speech emotion\Dataset\fear\fear112.wav,2
C:\Users\yamini\Downloads\speech emotion\Dataset\fear\fear114.wav,2
C:\Users\yamini\Downloads\speech emotion\Dataset\fear\fear317.wav,2
C:\Users\yamini\Downloads\speech emotion\Dataset\fear\fear322.wav,2
C:\Users\yamini\Downloads\speech emotion\Dataset\fear\fear324.wav,2
C:\Users\yamini\Downloads\speech emotion\Dataset\fear\fear325.wav,2
C:\Users\yamini\Downloads\speech emotion\Dataset\fear\fear326.wav,2
C:\Users\yamini\Downloads\speech emotion\Dataset\fear\fear327.wav,2
C:\Users\yamini\Downloads\speech emotion\Dataset\fear\fear328.wav,2
C:\Users\yamini\Downloads\speech emotion\Dataset\fear\fear329.wav,2
C:\Users\yamini\Downloads\speech emotion\Dataset\fear\fear330.wav,2
C:\Users\yamini\Downloads\speech emotion\Dataset\fear\fear331.wav,2
C:\Users\yamini\Downloads\speech emotion\Dataset\fear\fear332.wav,2
C:\Users\yamini\Downloads\speech emotion\Dataset\fear\fear333.wav,2
C:\Users\yamini\Downloads\speech emotion\Dataset\fear\fear334.wav,2
C:\Users\yamini\Downloads\speech emotion\Dataset\fear\fear335.wav,2
C:\Users\yamini\Downloads\speech emotion\Dataset\fear\fear336.wav,2
C:\Users\yamini\Downloads\speech emotion\Dataset\fear\fear337.wav,2
C:\Users\yamini\Downloads\speech emotion\Dataset\fear\fear338.wav,2
C:\Users\yamini\Downloads\speech emotion\Dataset\fear\fear339.wav,2
C:\Users\yamini\Downloads\speech emotion\Dataset\fear\fear340.wav,2
C:\Users\yamini\Downloads\speech emotion\Dataset\fear\fear341.wav,2
C:\Users\yamini\Downloads\speech emotion\Dataset\fear\fear342.wav,2
C:\Users\yamini\Downloads\speech emotion\Dataset\fear\fear343.wav,2
C:\Users\yamini\Downloads\speech emotion\Dataset\fear\fear344.wav,2
C:\Users\yamini\Downloads\speech emotion\Dataset\fear\fear345.wav,2
C:\Users\yamini\Downloads\speech emotion\Dataset\fear\fear346.wav,2
C:\Users\yamini\Downloads\speech emotion\Dataset\fear\fear347.wav,2
C:\Users\yamini\Downloads\speech emotion\Dataset\fear\fear348.wav,2
C:\Users\yamini\Downloads\speech emotion\Dataset\fear\fear349.wav,2
C:\Users\yamini\Downloads\speech emotion\Dataset\fear\fear350.wav,2
C:\Users\yamini\Downloads\speech emotion\Dataset\fear\fear351.wav,2
C:\Users\yamini\Downloads\speech emotion\Dataset\fear\fear352.wav,2
C:\Users\yamini\Downloads\speech emotion\Dataset\fear\fear353.wav,2
C:\Users\yamini\Downloads\speech emotion\Dataset\fear\fear354.wav,2
C:\Users\yamini\Downloads\speech emotion\Dataset\fear\fear355.wav,2
C:\Users\yamini\Downloads\speech emotion\Dataset\fear\fear356.wav,2
C:\Users\yamini\Downloads\speech emotion\Dataset\fear\fear357.wav,2
C:\Users\yamini\Downloads\speech emotion\Dataset\fear\fear358.wav,2
C:\Users\yamini\Downloads\speech emotion\Dataset\fear\fear359.wav,2
C:\Users\yamini\Downloads\speech emotion\Dataset\fear\fear360.wav,2
C:\Users\yamini\Downloads\speech emotion\Dataset\fear\fear361.wav,2
C:\Users\yamini\Downloads\speech emotion\Dataset\fear\fear362.wav,2
C:\Users\yamini\Downloads\speech emotion\Dataset\fear\fear363.wav,2
C:\Users\yamini\Downloads\speech emotion\Dataset\fear\fear364.wav,2
C:\Users\yamini\Downloads\speech emotion\Dataset\fear\fear365.wav,2
C:\Users\yamini\Downloads\speech emotion\Dataset\fear\fear366.wav,2
C:\Users\yamini\Downloads\speech emotion\Dataset\fear\fear367.wav,2
C:\Users\yamini\Downloads\speech emotion\Dataset\fear\fear368.wav,2
C:\Users\yamini\Downloads\speech emotion\Dataset\fear\fear369.wav,2
C:\Users\yamini\Downloads\speech emotion\Dataset\fear\fear370.wav,2
C:\Users\yamini\Downloads\speech emotion\Dataset\fear\fear371.wav,2
C:\Users\yamini\Downloads\speech emotion\Dataset\fear\fear372.wav,2
C:\Users\yamini\Downloads\speech emotion\Dataset\fear\fear373.wav,2
C:\Users\yamini\Downloads\speech emotion\Dataset\fear\fear374.wav,2
C:\Users\yamini\Downloads\speech emotion\Dataset\fear\fear375.wav,2
C:\Users\yamini\Downloads\speech emotion\Dataset\fear\fear376.wav,2
C:\Users\yamini\Downloads\speech emotion\Dataset\fear\fear377.wav,2
C:\Users\yamini\Downloads\speech emotion\Dataset\fear\fear378.wav,2
C:\Users\yamini\Downloads\speech emotion\Dataset\fear\fear379.wav,2
C:\Users\yamini\Downloads\speech emotion\Dataset\fear\fear380.wav,2
C:\Users\yamini\Downloads\speech emotion\Dataset\fear\fear381.wav,2
C:\Users\yamini\Downloads\speech emotion\Dataset\fear\fear382.wav,2
C:\Users\yamini\Downloads\speech emotion\Dataset\fear\fear383.wav,2
C:\Users\yamini\Downloads\speech emotion\Dataset\fear\fear384.wav,2
C:\Users\yamini\Downloads\speech emotion\Dataset\fear\fear385.wav,2
C:\Users\yamini\Downloads\speech emotion\Dataset\fear\fear386.wav,2
C:\Users\yamini\Downloads\speech emotion\Dataset\fear\fear387.wav,2
C:\Users\yamini\Downloads\speech emotion\Dataset\fear\fear388.wav,2
C:\Users\yamini\Downloads\speech emotion\Dataset\fear\fear389.wav,2
C:\Users\yamini\Downloads\speech emotion\Dataset\fear\fear390.wav,2
C:\Users\yamini\Downloads\speech emotion\Dataset\fear\fear391.wav,2
C:\Users\yamini\Downloads\speech emotion\Dataset\fear\fear392.wav,2
C:\Users\yamini\Downloads\speech emotion\Dataset\fear\fear393.wav,2
C:\Users\yamini\Downloads\speech emotion\Dataset\fear\fear394.wav,2
C:\Users\yamini\Downloads\speech emotion\Dataset\fear\fear395.wav,2
C:\Users\yamini\Downloads\speech emotion\Dataset\fear\fear396.wav,2
C:\Users\yamini\Downloads\speech emotion\Dataset\fear\fear397.wav,2
C:\Users\yamini\Downloads\speech emotion\Dataset\fear\fear398.wav,2
C:\Users\yamini\Downloads\speech emotion\Dataset\fear\fear399.wav,2
C:\Users\yamini\Downloads\speech emotion\Dataset\fear\fear400.wav,2
C:\Users\yamini\Downloads\speech emotion\Dataset\fear\fear401.wav,2
C:\Users\yamini\Downloads\speech emotion\Dataset\fear\fear402.wav,2
C:\Users\yamini\Downloads\speech emotion\Dataset\fear\fear403.wav,2
C:\Users\yamini\Downloads\speech emotion\Dataset\fear\fear404.wav,2
C:\Users\yamini\Downloads\speech emotion\Dataset\fear\fear405.wav,2
C:\Users\yamini\Downloads\speech emotion\Dataset\fear\fear406.wav,2
C:\Users\yamini\Downloads\speech emotion\Dataset\fear\fear407.wav,2
C:\Users\yamini\Downloads\speech emotion\Dataset\fear\fear408.wav,2
C:\Users\yamini\Downloads\speech emotion\Dataset\fear\fear409.wav,2
C:\Users\yamini\Downloads\speech emotion\Dataset\fear\fear410.wav,2
C:\Users\yamini\Downloads\speech emotion\Dataset\fear\fear411.wav,2
C:\Users\yamini\Downloads\speech emotion\Dataset\fear\fear412.wav,2
C:\Users\yamini\Downloads\speech emotion\Dataset\fear\fear413.wav,2
C:\Users\yamini\Downloads\speech emotion\Dataset\fear\fear414.wav,2
C:\Users\yamini\Downloads\speech emotion\Dataset\fear\fear415.wav,2
C:\Users\yamini\Downloads\speech emotion\Dataset\fear\fear416.wav,2
C:\Users\yamini\Downloads\speech emotion\Dataset\fear\fear417.wav,2
C:\Users\yamini\Downloads\speech emotion\Dataset\fear\fear418.wav,2
C:\Users\yamini\Downloads\speech emotion\Dataset\fear\fear419.wav,2
C:\Users\yamini\Downloads\speech emotion\Dataset\fear\fear420.wav,2
C:\Users\yamini\Downloads\speech emotion\Dataset\fear\fear421.wav,2
C:\Users\yamini\Downloads\speech emotion\Dataset\fear\fear422.wav,2
C:\Users\yamini\Downloads\speech emotion\Dataset\fear\fear423.wav,2
C:\Users\yamini\Downloads\speech emotion\Dataset\fear\fear424.wav,2
C:\Users\yamini\Downloads\speech emotion\Dataset\fear\fear425.wav,2
C:\Users\yamini\Downloads\speech emotion\Dataset\fear\fear426.wav,2
C:\Users\yamini\Downloads\speech emotion\Dataset\fear\fear427.wav,2
C:\Users\yamini\Downloads\speech emotion\Dataset\fear\fear428.wav,2
C:\Users\yamini\Downloads\speech emotion\Dataset\fear\fear429.wav,2
C:\Users\yamini\Downloads\speech emotion\Dataset\fear\fear430.wav,2
C:\Users\yamini\Downloads\speech emotion\Dataset\fear\fear431.wav,2
C:\Users\yamini\Downloads\speech emotion\Dataset\fear\fear432.wav,2
C:\Users\yamini\Downloads\speech emotion\Dataset\fear\fear433.wav,2
C:\Users\yamini\Downloads\speech emotion\Dataset\fear\fear434.wav,2
C:\Users\yamini\Downloads\speech emotion\Dataset\fear\fear435.wav,2
C:\Users\yamini\Downloads\speech emotion\Dataset\fear\fear436.wav,2
C:\Users\yamini\Downloads\speech emotion\Dataset\happy\happy001.wav,3
C:\Users\yamini\Downloads\speech emotion\Dataset\happy\happy002.wav,3
C:\Users\yamini\Downloads\speech emotion\Dataset\happy\happy003.wav,3
C:\Users\yamini\Downloads\speech emotion\Dataset\happy\happy004.wav,3
C:\Users\yamini\Downloads\speech emotion\Dataset\happy\happy005.wav,3
C:\Users\yamini\Downloads\speech emotion\Dataset\happy\happy006.wav,3
C:\Users\yamini\Downloads\speech emotion\Dataset\happy\happy007.wav,3
C:\Users\yamini\Downloads\speech emotion\Dataset\happy\happy008.wav,3
C:\Users\yamini\Downloads\speech emotion\Dataset\happy\happy009.wav,3
C:\Users\yamini\Downloads\speech emotion\Dataset\happy\happy010.wav,3
C:\Users\yamini\Downloads\speech emotion\Dataset\happy\happy011.wav,3
C:\Users\yamini\Downloads\speech emotion\Dataset\happy\happy012.wav,3
C:\Users\yamini\Downloads\speech emotion\Dataset\happy\happy013.wav,3
C:\Users\yamini\Downloads\speech emotion\Dataset\happy\happy014.wav,3
C:\Users\yamini\Downloads\speech emotion\Dataset\happy\happy015.wav,3
C:\Users\yamini\Downloads\speech emotion\Dataset\happy\happy016.wav,3
C:\Users\yamini\Downloads\speech emotion\Dataset\happy\happy017.wav,3
C:\Users\yamini\Downloads\speech emotion\Dataset\happy\happy018.wav,3
C:\Users\yamini\Downloads\speech emotion\Dataset\happy\happy019.wav,3
C:\Users\yamini\Downloads\speech emotion\Dataset\happy\happy020.wav,3
C:\Users\yamini\Downloads\speech emotion\Dataset\happy\happy021.wav,3
C:\Users\yamini\Downloads\speech emotion\Dataset\happy\happy022.wav,3
C:\Users\yamini\Downloads\speech emotion\Dataset\happy\happy023.wav,3
C:\Users\yamini\Downloads\speech emotion\Dataset\happy\happy024.wav,3
C:\Users\yamini\Downloads\speech emotion\Dataset\happy\happy025.wav,3
C:\Users\yamini\Downloads\speech emotion\Dataset\happy\happy026.wav,3
C:\Users\yamini\Downloads\speech emotion\Dataset\happy\happy027.wav,3
C:\Users\yamini\Downloads\speech emotion\Dataset\happy\happy028.wav,3
C:\Users\yamini\Downloads\speech emotion\Dataset\happy\happy029.wav,3
C:\Users\yamini\Downloads\speech emotion\Dataset\happy\happy030.wav,3
C:\Users\yamini\Downloads\speech emotion\Dataset\happy\happy031.wav,3
C:\Users\yamini\Downloads\speech emotion\Dataset\happy\happy032.wav,3
C:\Users\yamini\Downloads\speech emotion\Dataset\happy\happy033.wav,3
C:\Users\yamini\Downloads\speech emotion\Dataset\happy\happy037.wav,3
C:\Users\yamini\Downloads\speech emotion\Dataset\happy\happy039.wav,3
C:\Users\yamini\Downloads\speech emotion\Dataset\happy\happy040.wav,3
C:\Users\yamini\Downloads\speech emotion\Dataset\happy\happy361.wav,3
C:\Users\yamini\Downloads\speech emotion\Dataset\happy\happy362.wav,3
C:\Users\yamini\Downloads\speech emotion\Dataset\happy\happy365.wav,3
C:\Users\yamini\Downloads\speech emotion\Dataset\happy\happy366.wav,3
C:\Users\yamini\Downloads\speech emotion\Dataset\happy\happy367.wav,3
C:\Users\yamini\Downloads\speech emotion\Dataset\happy\happy368.wav,3
C:\Users\yamini\Downloads\speech emotion\Dataset\happy\happy369.wav,3
C:\Users\yamini\Downloads\speech emotion\Dataset\happy\happy370.wav,3
C:\Users\yamini\Downloads\speech emotion\Dataset\happy\happy371.wav,3
C:\Users\yamini\Downloads\speech emotion\Dataset\happy\happy372.wav,3
C:\Users\yamini\Downloads\speech emotion\Dataset\happy\happy373.wav,3
C:\Users\yamini\Downloads\speech emotion\Dataset\happy\happy374.wav,3
C:\Users\yamini\Downloads\speech emotion\Dataset\happy\happy375.wav,3
C:\Users\yamini\Downloads\speech emotion\Dataset\happy\happy376.wav,3
C:\Users\yamini\Downloads\speech emotion\Dataset\happy\happy377.wav,3
C:\Users\yamini\Downloads\speech emotion\Dataset\happy\happy378.wav,3
C:\Users\yamini\Downloads\speech emotion\Dataset\happy\happy379.wav,3
C:\Users\yamini\Downloads\speech emotion\Dataset\happy\happy380.wav,3
C:\Users\yamini\Downloads\speech emotion\Dataset\happy\happy381.wav,3
C:\Users\yamini\Downloads\speech emotion\Dataset\happy\happy382.wav,3
C:\Users\yamini\Downloads\speech emotion\Dataset\happy\happy383.wav,3
C:\Users\yamini\Downloads\speech emotion\Dataset\happy\happy384.wav,3
C:\Users\yamini\Downloads\speech emotion\Dataset\happy\happy385.wav,3
C:\Users\yamini\Downloads\speech emotion\Dataset\happy\happy386.wav,3
C:\Users\yamini\Downloads\speech emotion\Dataset\happy\happy387.wav,3
C:\Users\yamini\Downloads\speech emotion\Dataset\happy\happy388.wav,3
C:\Users\yamini\Downloads\speech emotion\Dataset\happy\happy389.wav,3
C:\Users\yamini\Downloads\speech emotion\Dataset\happy\happy390.wav,3
C:\Users\yamini\Downloads\speech emotion\Dataset\happy\happy391.wav,3
C:\Users\yamini\Downloads\speech emotion\Dataset\happy\happy392.wav,3
C:\Users\yamini\Downloads\speech emotion\Dataset\happy\happy393.wav,3
C:\Users\yamini\Downloads\speech emotion\Dataset\happy\happy394.wav,3
C:\Users\yamini\Downloads\speech emotion\Dataset\happy\happy395.wav,3
C:\Users\yamini\Downloads\speech emotion\Dataset\happy\happy396.wav,3
C:\Users\yamini\Downloads\speech emotion\Dataset\happy\happy397.wav,3
C:\Users\yamini\Downloads\speech emotion\Dataset\happy\happy398.wav,3
C:\Users\yamini\Downloads\speech emotion\Dataset\happy\happy399.wav,3
C:\Users\yamini\Downloads\speech emotion\Dataset\happy\happy400.wav,3
C:\Users\yamini\Downloads\speech emotion\Dataset\happy\happy401.wav,3
C:\Users\yamini\Downloads\speech emotion\Dataset\happy\happy402.wav,3
C:\Users\yamini\Downloads\speech emotion\Dataset\happy\happy403.wav,3
C:\Users\yamini\Downloads\speech emotion\Dataset\happy\happy404.wav,3
C:\Users\yamini\Downloads\speech emotion\Dataset\happy\happy405.wav,3
C:\Users\yamini\Downloads\speech emotion\Dataset\happy\happy406.wav,3
C:\Users\yamini\Downloads\speech emotion\Dataset\happy\happy407.wav,3
C:\Users\yamini\Downloads\speech emotion\Dataset\happy\happy408.wav,3
C:\Users\yamini\Downloads\speech emotion\Dataset\happy\happy409.wav,3
C:\Users\yamini\Downloads\speech emotion\Dataset\happy\happy410.wav,3
C:\Users\yamini\Downloads\speech emotion\Dataset\happy\happy411.wav,3
C:\Users\yamini\Downloads\speech emotion\Dataset\happy\happy412.wav,3
C:\Users\yamini\Downloads\speech emotion\Dataset\happy\happy413.wav,3
C:\Users\yamini\Downloads\speech emotion\Dataset\happy\happy414.wav,3
C:\Users\yamini\Downloads\speech emotion\Dataset\happy\happy415.wav,3
C:\Users\yamini\Downloads\speech emotion\Dataset\happy\happy416.wav,3
C:\Users\yamini\Downloads\speech emotion\Dataset\happy\happy417.wav,3
C:\Users\yamini\Downloads\speech emotion\Dataset\happy\happy418.wav,3
C:\Users\yamini\Downloads\speech emotion\Dataset\happy\happy419.wav,3
C:\Users\yamini\Downloads\speech emotion\Dataset\happy\happy420.wav,3
C:\Users\yamini\Downloads\speech emotion\Dataset\happy\happy421.wav,3
C:\Users\yamini\Downloads\speech emotion\Dataset\happy\happy422.wav,3
C:\Users\yamini\Downloads\speech emotion\Dataset\happy\happy423.wav,3
C:\Users\yamini\Downloads\speech emotion\Dataset\happy\happy424.wav,3
